{"cameraMode":{"drawMode":0,"name":"Shaded","section":"Shading Mode"},"sceneLighting":true,"audioPlay":false,"sceneViewState":{"showFog":true,"showMaterialUpdate":false,"showSkybox":true,"showFlares":true,"showImageEffects":true,"showParticleSystems":true},"in2DMode":false,"pivot":{"x":-0.7603578567504883,"y":-0.11298608779907227,"z":1.2411787509918213},"rotation":{"x":-0.20574171841144563,"y":-0.6970505118370056,"z":0.22045345604419709,"w":-0.6505314707756043},"size":11.460573196411133,"orthographic":false}