{"cameraMode":{"drawMode":0,"name":"Shaded","section":"Shading Mode"},"sceneLighting":false,"audioPlay":false,"sceneViewState":{"showFog":true,"showMaterialUpdate":false,"showSkybox":false,"showFlares":true,"showImageEffects":true,"showParticleSystems":true},"in2DMode":false,"pivot":{"x":-0.04984426498413086,"y":1.0648713111877442,"z":20.95182228088379},"rotation":{"x":-0.19597050547599793,"y":0.6857073307037354,"z":-0.20000939071178437,"w":-0.6718611121177673},"size":8.573651313781739,"orthographic":false}