{"cameraMode":{"drawMode":0,"name":"Shaded","section":"Shading Mode"},"sceneLighting":false,"audioPlay":false,"sceneViewState":{"showFog":true,"showMaterialUpdate":false,"showSkybox":false,"showFlares":true,"showImageEffects":true,"showParticleSystems":true},"in2DMode":false,"pivot":{"x":818.7265625,"y":792.78515625,"z":-44.89606475830078},"rotation":{"x":-0.01349661871790886,"y":-0.020996544510126115,"z":-0.00028347063926048577,"w":0.9996883869171143},"size":971.3330078125,"orthographic":true}