{"cameraMode":{"drawMode":0,"name":"Shaded","section":"Shading Mode"},"sceneLighting":false,"audioPlay":false,"sceneViewState":{"showFog":true,"showMaterialUpdate":false,"showSkybox":false,"showFlares":true,"showImageEffects":true,"showParticleSystems":true},"in2DMode":false,"pivot":{"x":3.7357873916625978,"y":0.7628843784332275,"z":17.42894744873047},"rotation":{"x":0.6734731197357178,"y":0.0011090940097346902,"z":-0.0010101821972057224,"w":0.7392102479934692},"size":10.171283721923829,"orthographic":true}